Workbook

Sheet 안내
B2: 수사해당가든 운영 원장
B3: 재고 · 매입/매출 · 협력농가 · 교육을 한 파일에서 관리하는 단일 원장입니다.
B6: ● 시트 구성
B7: ① 재고 — 나무를 등록하는 핵심 시트. 대형목은 1주=1행(개체), 묘목은 규격묶음+수량(로트).
B8: ② 거래 — 매입·매출을 한 표에 기록. 여기 쌓인 데이터가 대시보드로 자동 집계됩니다.
B9: ③ 협력농가 — 우리가 위탁·매입해 파는 협력 농가 목록.
B10: ④ 교육 — 교육 회차·인원·시간 기록. 홈페이지 '누적 교육 인원'과 연동 예정.
B11: ⑤ 대시보드 — 재고 현황·기간별 매출/매입/마진·교육 누계가 자동 계산됩니다.
B12: ⑥ 견적서 — 품목만 채우면 합계가 자동 계산되는 견적서 양식(인쇄/PDF용).
B14: ● 사용법
B15: 1. 이 엑셀 파일을 구글 드라이브에 끌어다 놓으면 구글시트로 열립니다. (또는 엑셀로 바로 사용)
B16: 2. 재고·거래·교육 시트에 데이터를 계속 추가하세요. 대시보드는 자동으로 갱신됩니다.
... B27: · 계산서 발행은 국세청 홈택스(무료·공인)를 이용하세요. 견적서는 이 파일의 '견적서' 시트로 만듭니다.

Sheet 재고
A1: 관리번호 | B1: 수종 | C1: 관리방식 | D1: 수량 | E1: R_목대(cm) | F1: 수고H(m) | G1: 지하고(m) | H1: 수관폭W(m) | I1: 년생 | J1: 수형 | K1: 소유구분 | L1: 농가명 | M1: 위치 | N1: 상태 | O1: 매입가(원) | P1: 희망판매가(원) | Q1: 최근실측일 | R1: 비고
A2: SH-2026-001 | B2: 수사해당화 | C2: 개체 | D2: 1 | E2: 12 | F2: 3 | G2: 0.4 | H2: 1.8 | J2: 외목대 | K2: 자가 | M2: 3번밭 | N2: 판매가능 | Q2: 46096 | R2: 대형 조경수급 · 견적
A3: SH-2026-002 | B3: 수사해당화 | C3: 개체 | D3: 1 | E3: 11 | F3: 2.8 | G3: 0.3 | H3: 1.7 | J3: 다간 | K3: 자가 | M3: 3번밭 | N3: 판매가능 | Q3: 46096 | R3: 다간 성목 · 견적
A4: SH-2026-003 | B4: 수사해당화 | C4: 개체 | D4: 1 | E4: 9 | F4: 2.4 | G4: 0.5 | H4: 1.4 | J4: 외목대 | K4: 자가 | M4: 2번밭 | N4: 판매가능 | P4: 180000 | Q4: 46096 | R4: 정원목
A5: SH-2026-004 | B5: 수사해당화 | C5: 개체 | D5: 1 | E5: 8 | F5: 2.2 | G5: 0.3 | H5: 1.5 | J5: 다간 | K5: 협력농가 | L5: 예산농원 | M5: 예산농원 | N5: 판매가능 | O5: 120000 | P5: 160000 | Q5: 46091 | R5: 위탁 판매
A6: SH-2026-005 | B6: 수사해당화 | C6: 개체 | D6: 1 | E6: 6 | F6: 1.8 | G6: 0.4 | H6: 1.1 | J6: 외목대 | K6: 자가 | M6: 1번밭 | N6: 판매가능 | P6: 90000 | Q6: 46096 | R6: 마당목 인기규격
A7: SH-2026-101 | B7: 수사해당화 | C7: 로트 | D7: 30 | E7: 5 | F7: 1.6 | G7: 0.2 | H7: 0.9 | J7: 다간 | K7: 자가 | M7: 묘목장 | N7: 판매가능 | P7: 70000 | Q7: 46101 | R7: 입문용 다간 묘목
A8: SH-2026-102 | B8: 수사해당화 | C8: 로트 | D8: 0 | E8: 3 | F8: 1.2 | G8: 0.2 | H8: 0.7 | J8: 외목대 | K8: 자가 | M8: 묘목장 | N8: 품절 | P8: 35000 | Q8: 46101 | R8: 소형 묘목 · 다음시즌 예약
A9: SH-2026-103 | B9: 수사해당화 | C9: 로트 | D9: 40 | E9: 6 | F9: 1.8 | G9: 0.3 | H9: 1 | J9: 혼합 | K9: 협력농가 | L9: ○○농가 | M9: ○○농가 | N9: 예약 | Q9: 46091 | R9: 봄 예약분양 모둠 · 견적

Sheet 거래
A1: 거래일 | B1: 구분 | C1: 관리번호 | D1: 품목명 | E1: 수량 | F1: 단가(원) | G1: 금액(원) | H1: 거래처 | I1: 채널 | J1: 결제상태 | K1: 계산서 | L1: 비고
A2: 46101 | B2: 매출 | C2: SH-2026-003 | D2: 수사해당화 R9 정원목 | E2: 1 | F2: 180000 | G2: =E2*F2 | H2: 김○○ | I2: 전화 | J2: 완료 | K2: 미발행 | L2: 마당 식재
A3: 46106 | B3: 매입 | C3: SH-2026-004 | D3: 수사해당화 R8 다간(예산농원) | E3: 1 | F3: 120000 | G3: =E3*F3 | H3: 예산농원 | I3: 현장 | J3: 완료 | K3: 해당없음 | L3: 위탁 매입
A4: 46117 | B4: 매출 | C4: SH-2026-004 | D4: 수사해당화 R8 다간 | E4: 1 | F4: 160000 | G4: =E4*F4 | H4: 이○○ | I4: 스마트스토어 | J4: 완료 | K4: 미발행
A5: 46124 | B5: 매출 | C5: SH-2026-005 | D5: 수사해당화 R6 마당목 | E5: 1 | F5: 90000 | G5: =E5*F5 | H5: 박○○ | I5: 홈페이지견적 | J5: 대기 | K5: 미발행 | L5: 방문 예정
A6: 46144 | B6: 매출 | C6: SH-2026-101 | D6: 수사해당화 R5 다간 묘목 | E6: 5 | F6: 70000 | G6: =E6*F6 | H6: 정○○ | I6: 현장 | J6: 완료 | K6: 미발행
A7: 46160 | B7: 매출 | C7: SH-2026-003 | D7: 수사해당화 R9 정원목 | E7: 2 | F7: 180000 | G7: =E7*F7 | H7: ○○조경 | I7: 전화 | J7: 완료 | K7: 미발행 | L7: 조경 납품

Sheet 협력농가
A1: 농가명 | B1: 대표 | C1: 연락처 | D1: 지역 | E1: 주요 수종·규격 | F1: 정산방식 | G1: 비고
A2: 예산농원 | B2: 박○○ | C2: 010-0000-0000 | D2: 충남 예산 | E2: 수사해당화 R8~R12 | F2: 위탁 | G2: 대형목 중심
A3: ○○농가 | B3: 김○○ | C3: 010-0000-0000 | D3: 충남 홍성 | E3: 수사해당화 묘목·소형 | F3: 매입 | G3: 묘목 다량

Sheet 교육
A1: 회차 | B1: 날짜 | C1: 과정명 | D1: 인원(명) | E1: 시간(h) | F1: 대상 | G1: 강사 | H1: 만족도(1~5) | I1: 블로그링크 | J1: 비고
A2: 1 | B2: 45788 | C2: 식재 교육(초급) | D2: 12 | E2: 3 | F2: 일반 | G2: 대표 | H2: 4.5 | J2: 심는 법·물주기·지주대
A3: 2 | B3: 45802 | C3: 식재 교육(중급) | D3: 8 | E3: 3 | F3: 경험자 | G3: 대표 | H3: 4.7 | J3: 수형 관리·전정
A4: 3 | B4: 46152 | C4: 식재 교육(초급) | D4: 15 | E4: 3 | F4: 일반 | G4: 대표 | H4: 4.6

Sheet 대시보드
B2: 수사해당가든 운영 대시보드
B3: 재고·거래·교육 시트에 데이터를 넣으면 아래 숫자가 자동으로 갱신됩니다.
B5: ■ 재고 현황
B6: 총 보유 주수 | C6: =SUMIFS('재고'!$D:$D,'재고'!$N:$N,"<>출고완료")
B7: ├ 자가 보유 | C7: =SUMIFS('재고'!$D:$D,'재고'!$N:$N,"<>출고완료",'재고'!$K:$K,"자가")
B8: └ 협력농가 보유 | C8: =SUMIFS('재고'!$D:$D,'재고'!$N:$N,"<>출고완료",'재고'!$K:$K,"협력농가")
B9: 판매가능 주수 | C9: =SUMIFS('재고'!$D:$D,'재고'!$N:$N,"판매가능")
B10: 예약 주수 | C10: =SUMIFS('재고'!$D:$D,'재고'!$N:$N,"예약")
B11: 재고 평가액(희망가 기준) | C11: =SUMPRODUCT(('재고'!$N$2:$N$300<>"출고완료")*'재고'!$D$2:$D$300*IFERROR('재고'!$P$2:$P$300,0))
B13: 기준연도 → | C13: 2026 | D13: ◀ 이 칸만 바꾸면 기간별 집계가 바뀝니다
B15: ■ 매출 · 매입 · 마진
B16: 구분 | C16: 매출(원) | D16: 매입(원) | E16: 마진(원)
B17: 1분기 | C17: =SUMIFS('거래'!$G:$G,'거래'!$B:$B,"매출",'거래'!$A:$A,">="&DATE($C$13,1,1),'거래'!$A:$A,"<="&DATE($C$13,3,31)) | D17: =SUMIFS('거래'!$G:$G,'거래'!$B:$B,"매입",'거래'!$A:$A,">="&DATE($C$13,1,1),'거래'!$A:$A,"<="&DATE($C$13,3,31)) | E17: =C17-D17
B18: 2분기 | C18: =SUMIFS('거래'!$G:$G,'거래'!$B:$B,"매출",'거래'!$A:$A,">="&DATE($C$13,4,1),'거래'!$A:$A,"<="&DATE($C$13,6,30)) | D18: =SUMIFS('거래'!$G:$G,'거래'!$B:$B,"매입",'거래'!$A:$A,">="&DATE($C$13,4,1),'거래'!$A:$A,"<="&DATE($C$13,6,30)) | E18: =C18-D18
B19: 3분기 | C19: =SUMIFS('거래'!$G:$G,'거래'!$B:$B,"매출",'거래'!$A:$A,">="&DATE($C$13,7,1),'거래'!$A:$A,"<="&DATE($C$13,9,30)) | D19: =SUMIFS('거래'!$G:$G,'거래'!$B:$B,"매입",'거래'!$A:$A,">="&DATE($C$13,7,1),'거래'!$A:$A,"<="&DATE($C$13,9,30)) | E19: =C19-D19
B20: 4분기 | C20: =SUMIFS('거래'!$G:$G,'거래'!$B:$B,"매출",'거래'!$A:$A,">="&DATE($C$13,10,1),'거래'!$A:$A,"<="&DATE($C$13,12,31)) | D20: =SUMIFS('거래'!$G:$G,'거래'!$B:$B,"매입",'거래'!$A:$A,">="&DATE($C$13,10,1),'거래'!$A:$A,"<="&DATE($C$13,12,31)) | E20: =C20-D20
B21: 상반기 | C21: =C17+C18 | D21: =D17+D18 | E21: =C21-D21
B22: 하반기 | C22: =C19+C20 | D22: =D19+D20 | E22: =C22-D22
B23: 연간 합계 | C23: =SUM(C17:C20) | D23: =SUM(D17:D20) | E23: =C23-D23
B25: ■ 교육 누계 (홈페이지 연동 대상)
B26: 누적 교육 회차 | C26: =COUNT('교육'!$B:$B)
B27: 누적 교육 인원 | C27: =SUM('교육'!$D:$D)
B28: 누적 교육 시간(h) | C28: =SUM('교육'!$E:$E)
B29: 평균 만족도 | C29: =IFERROR(ROUND(AVERAGE('교육'!$H:$H),1),"-")

Sheet 견적서
B2: 견 적 서
B4: [공급자]
B5: 상호 | C5: 수사해당가든
B6: 대표자 | C6: (대표자명)
B7: 사업자등록번호 | C7: (000-00-00000)
B8: 주소 | C8: (사업장 주소)
B9: 연락처 | C9: 010-0000-0000
B11: [수신]
B12: 고객명
B13: 연락처
B14: 현장/식재지
B15: 견적일 | C15: 46204
B17: 품목 | C17: 규격 | D17: 수량 | E17: 단가 | F17: 금액
B18: 수사해당화 | C18: R9 외목대 | D18: 2 | E18: 180000 | F18: =IF(D18="","",D18*E18)
B19: 수사해당화 | C19: R6 외목대 | D19: 3 | E19: 90000 | F19: =IF(D19="","",D19*E19)
B20: 지주대 세트 | C20: 자재 | D20: 5 | E20: 12000 | F20: =IF(D20="","",D20*E20)
F21: =IF(D21="","",D21*E21)
F22: =IF(D22="","",D22*E22)
F23: =IF(D23="","",D23*E23)
F24: =IF(D24="","",D24*E24)
F25: =IF(D25="","",D25*E25)
E26: 공급가 합계 | F26: =SUM(F18:F25)
D27: ※면세 | E27: 부가세 | F27: =0
E28: 합계 금액 | F28: =F26+F27
B30: ※ 본 견적은 발행일로부터 15일간 유효합니다. 규격·수량·식재 조건에 따라 변동될 수 있습니다.
B31: ※ 면세/과세 구분 및 부가세는 세무사 확인 후 확정하세요.
